{
	"info": {
		"_postman_id": "ff13a0df-6ddd-4ff6-8a8b-d74f555aafb6",
		"name": "pa5",
		"schema": "https://schema.getpostman.com/json/collection/v2.1.0/collection.json",
		"_exporter_id": "30335806"
	},
	"item": [
		{
			"name": "Get courses",
			"request": {
				"method": "GET",
				"header": [],
				"url": {
					"raw": "{{localhost}}/api/courses",
					"host": [
						"{{localhost}}"
					],
					"path": [
						"api",
						"courses"
					]
				}
			},
			"response": []
		},
		{
			"name": "Create course",
			"request": {
				"method": "POST",
				"header": [],
				"body": {
					"mode": "raw",
					"raw": "{\n    \"code\": \"CS1998\",\n    \"name\": \"Intro to Backend Development\"\n}",
					"options": {
						"raw": {
							"language": "json"
						}
					}
				},
				"url": {
					"raw": "{{localhost}}/api/courses",
					"host": [
						"{{localhost}}"
					],
					"path": [
						"api",
						"courses"
					]
				}
			},
			"response": []
		}
	],
	"event": [
		{
			"listen": "prerequest",
			"script": {
				"type": "text/javascript",
				"exec": [
					""
				]
			}
		},
		{
			"listen": "test",
			"script": {
				"type": "text/javascript",
				"exec": [
					""
				]
			}
		}
	],
	"variable": [
		{
			"key": "localhost",
			"value": "http://127.0.0.1:8000"
		}
	]
}