{
	"info": {
		"_postman_id": "897eb56c-8430-4d3a-9d6d-d31a616b9db8",
		"name": "pa1",
		"schema": "https://schema.getpostman.com/json/collection/v2.1.0/collection.json",
		"_exporter_id": "30335806"
	},
	"item": [
		{
			"name": "get posts",
			"request": {
				"method": "GET",
				"header": [],
				"url": {
					"raw": "{{localhost}}/api/posts/",
					"host": [
						"{{localhost}}"
					],
					"path": [
						"api",
						"posts",
						""
					]
				}
			},
			"response": []
		},
		{
			"name": "create a post",
			"request": {
				"method": "POST",
				"header": [],
				"body": {
					"mode": "raw",
					"raw": "{\n  \"title\": \"I love my dog!\",\n  \"link\": \"https://i.imgur.com/XsaLqi1.jpg\",\n  \"username\": \"raahi014\"\n}"
				},
				"url": {
					"raw": "{{localhost}}/api/posts/",
					"host": [
						"{{localhost}}"
					],
					"path": [
						"api",
						"posts",
						""
					]
				}
			},
			"response": []
		},
		{
			"name": "get a specific post",
			"request": {
				"method": "GET",
				"header": [],
				"url": {
					"raw": "{{localhost}}/api/posts/2/",
					"host": [
						"{{localhost}}"
					],
					"path": [
						"api",
						"posts",
						"2",
						""
					]
				}
			},
			"response": []
		},
		{
			"name": "delete a specific post",
			"request": {
				"method": "DELETE",
				"header": [],
				"url": {
					"raw": "{{localhost}}/api/posts/2/",
					"host": [
						"{{localhost}}"
					],
					"path": [
						"api",
						"posts",
						"2",
						""
					]
				}
			},
			"response": []
		},
		{
			"name": "get posts showing deletion",
			"request": {
				"method": "GET",
				"header": [],
				"url": {
					"raw": "{{localhost}}/api/posts/",
					"host": [
						"{{localhost}}"
					],
					"path": [
						"api",
						"posts",
						""
					]
				}
			},
			"response": []
		},
		{
			"name": "get comments for a specific post",
			"request": {
				"method": "GET",
				"header": [],
				"url": {
					"raw": "{{localhost}}/api/posts/1/comments/",
					"host": [
						"{{localhost}}"
					],
					"path": [
						"api",
						"posts",
						"1",
						"comments",
						""
					]
				}
			},
			"response": []
		},
		{
			"name": "create a comment",
			"request": {
				"method": "POST",
				"header": [],
				"body": {
					"mode": "raw",
					"raw": "{\n    \"text\": \"what a cute puppy aww\",\n    \"username\": \"raahi014\"\n}"
				},
				"url": {
					"raw": "{{localhost}}/api/posts/0/comments/",
					"host": [
						"{{localhost}}"
					],
					"path": [
						"api",
						"posts",
						"0",
						"comments",
						""
					]
				}
			},
			"response": []
		},
		{
			"name": "get comments in post with new comment",
			"request": {
				"method": "GET",
				"header": [],
				"url": {
					"raw": "{{localhost}}/api/posts/0/comments/",
					"host": [
						"{{localhost}}"
					],
					"path": [
						"api",
						"posts",
						"0",
						"comments",
						""
					]
				}
			},
			"response": []
		},
		{
			"name": "edit comment",
			"request": {
				"method": "POST",
				"header": [],
				"body": {
					"mode": "raw",
					"raw": "{\n    \"text\": \"what a cute puppy aww (edit): omg ty for the likes\"\n}"
				},
				"url": {
					"raw": "{{localhost}}/api/posts/0/comments/3/",
					"host": [
						"{{localhost}}"
					],
					"path": [
						"api",
						"posts",
						"0",
						"comments",
						"3",
						""
					]
				}
			},
			"response": []
		}
	],
	"event": [
		{
			"listen": "prerequest",
			"script": {
				"type": "text/javascript",
				"exec": [
					""
				]
			}
		},
		{
			"listen": "test",
			"script": {
				"type": "text/javascript",
				"exec": [
					""
				]
			}
		}
	],
	"variable": [
		{
			"key": "localhost",
			"value": "localhost:5000"
		}
	]
}